id,route_segment_id,time_of_day_category,day_of_week,weather_condition,avg_duration_minutes,median_duration_minutes,stddev_duration_minutes,min_duration_minutes,max_duration_minutes,p95_duration_minutes,avg_speed_kmh,sample_count,last_trip_date,avg_data_quality,last_calculated_at,calculation_window_days
00000000-0000-0000-0000-000001110001,00000000-0000-0000-0000-000000310101,morning_peak,tuesday,rain,10.26,10.01,0.92,8.79,12.28,11.82,31.88,25,2026-05-02,0.83,2026-05-04T02:00:00Z,90
00000000-0000-0000-0000-000001110002,00000000-0000-0000-0000-000000310102,midday,wednesday,heavy_rain,12.85,12.35,1.29,10.79,15.69,15.04,27.08,32,2026-05-01,0.84,2026-05-04T02:00:00Z,90
00000000-0000-0000-0000-000001110003,00000000-0000-0000-0000-000000310103,evening_peak,thursday,fog,7.69,7.69,0.85,6.33,9.56,9.13,47.97,39,2026-04-30,0.85,2026-05-04T02:00:00Z,90
00000000-0000-0000-0000-000001110004,00000000-0000-0000-0000-000000310104,night,friday,clear,7.52,7.27,0.90,6.08,9.50,9.05,51.83,46,2026-04-29,0.86,2026-05-04T02:00:00Z,90
00000000-0000-0000-0000-000001110005,00000000-0000-0000-0000-000000310105,early_morning,saturday,rain,11.88,11.38,0.95,10.36,13.97,13.50,25.78,53,2026-04-28,0.87,2026-05-04T02:00:00Z,90
00000000-0000-0000-0000-000001110006,00000000-0000-0000-0000-000000310106,morning_peak,sunday,heavy_rain,15.86,15.86,1.43,13.57,19.01,18.29,20.63,60,2026-04-27,0.88,2026-05-04T02:00:00Z,90
00000000-0000-0000-0000-000001110007,00000000-0000-0000-0000-000000310107,midday,monday,fog,7.39,7.14,0.80,6.11,9.15,8.75,47.09,67,2026-04-26,0.89,2026-05-04T02:00:00Z,90
00000000-0000-0000-0000-000001110008,00000000-0000-0000-0000-000000310108,evening_peak,tuesday,clear,7.00,6.50,0.80,5.72,8.76,8.36,52.70,74,2026-04-25,0.90,2026-05-04T02:00:00Z,90
00000000-0000-0000-0000-000001110009,00000000-0000-0000-0000-000000310109,night,wednesday,rain,9.50,9.50,1.14,7.68,12.01,11.44,41.03,81,2026-04-24,0.91,2026-05-04T02:00:00Z,90
00000000-0000-0000-0000-000001110010,00000000-0000-0000-0000-000000310110,early_morning,thursday,heavy_rain,18.35,18.10,1.47,16.00,21.58,20.85,16.69,88,2026-04-23,0.92,2026-05-04T02:00:00Z,90
00000000-0000-0000-0000-000001110011,00000000-0000-0000-0000-000000310111,morning_peak,friday,fog,10.64,10.14,0.96,9.10,12.75,12.27,30.74,95,2026-04-22,0.93,2026-05-04T02:00:00Z,90
00000000-0000-0000-0000-000001110012,00000000-0000-0000-0000-000000310112,midday,saturday,clear,7.52,7.52,0.80,6.24,9.28,8.88,46.28,102,2026-04-21,0.94,2026-05-04T02:00:00Z,90
00000000-0000-0000-0000-000001110013,00000000-0000-0000-0000-000000310113,evening_peak,sunday,rain,7.70,7.45,0.85,6.34,9.57,9.14,47.91,109,2026-04-20,0.95,2026-05-04T02:00:00Z,90
00000000-0000-0000-0000-000001110014,00000000-0000-0000-0000-000000310114,night,monday,heavy_rain,14.68,14.18,1.76,11.86,18.55,17.67,26.55,20,2026-04-19,0.96,2026-05-04T02:00:00Z,90
00000000-0000-0000-0000-000001110015,00000000-0000-0000-0000-000000310115,early_morning,tuesday,fog,11.08,11.08,0.89,9.66,13.04,12.59,27.64,27,2026-04-18,0.82,2026-05-04T02:00:00Z,90
00000000-0000-0000-0000-000001110016,00000000-0000-0000-0000-000000310116,morning_peak,wednesday,clear,9.33,9.08,0.84,7.99,11.18,10.76,35.06,34,2026-04-17,0.83,2026-05-04T02:00:00Z,90
00000000-0000-0000-0000-000001110017,00000000-0000-0000-0000-000000310117,midday,thursday,rain,8.32,7.82,0.83,6.99,10.15,9.73,41.83,41,2026-04-16,0.84,2026-05-04T02:00:00Z,90
00000000-0000-0000-0000-000001110018,00000000-0000-0000-0000-000000310118,evening_peak,friday,heavy_rain,11.89,11.89,1.31,9.79,14.77,14.12,31.02,48,2026-04-15,0.85,2026-05-04T02:00:00Z,90
00000000-0000-0000-0000-000001110019,00000000-0000-0000-0000-000000310119,night,saturday,fog,9.85,9.60,1.18,7.96,12.45,11.86,39.57,55,2026-04-14,0.86,2026-05-04T02:00:00Z,90
00000000-0000-0000-0000-000001110020,00000000-0000-0000-0000-000000310120,early_morning,sunday,clear,10.34,9.84,0.83,9.01,12.17,11.75,29.62,62,2026-04-13,0.87,2026-05-04T02:00:00Z,90
00000000-0000-0000-0000-000001110021,00000000-0000-0000-0000-000000310201,morning_peak,monday,rain,11.88,11.88,1.07,10.17,14.23,13.70,27.54,69,2026-05-03,0.88,2026-05-04T02:00:00Z,90
00000000-0000-0000-0000-000001110022,00000000-0000-0000-0000-000000310202,midday,tuesday,heavy_rain,12.85,12.60,1.29,10.79,15.69,15.04,27.08,76,2026-05-02,0.89,2026-05-04T02:00:00Z,90
00000000-0000-0000-0000-000001110023,00000000-0000-0000-0000-000000310203,evening_peak,wednesday,fog,6.65,6.15,0.80,5.37,8.41,8.01,55.47,83,2026-05-01,0.90,2026-05-04T02:00:00Z,90
00000000-0000-0000-0000-000001110024,00000000-0000-0000-0000-000000310204,night,thursday,clear,7.52,7.52,0.90,6.08,9.50,9.05,51.83,90,2026-04-30,0.91,2026-05-04T02:00:00Z,90
00000000-0000-0000-0000-000001110025,00000000-0000-0000-0000-000000310205,early_morning,friday,rain,11.88,11.63,0.95,10.36,13.97,13.50,25.78,97,2026-04-29,0.92,2026-05-04T02:00:00Z,90
00000000-0000-0000-0000-000001110026,00000000-0000-0000-0000-000000310206,morning_peak,saturday,heavy_rain,15.86,15.36,1.43,13.57,19.01,18.29,20.63,104,2026-04-28,0.93,2026-05-04T02:00:00Z,90
00000000-0000-0000-0000-000001110027,00000000-0000-0000-0000-000000310207,midday,sunday,fog,7.39,7.39,0.80,6.11,9.15,8.75,47.09,111,2026-04-27,0.94,2026-05-04T02:00:00Z,90
00000000-0000-0000-0000-000001110028,00000000-0000-0000-0000-000000310208,evening_peak,monday,clear,7.00,6.75,0.80,5.72,8.76,8.36,52.70,22,2026-04-26,0.95,2026-05-04T02:00:00Z,90
00000000-0000-0000-0000-000001110029,00000000-0000-0000-0000-000000310209,night,tuesday,rain,9.50,9.00,1.14,7.68,12.01,11.44,41.03,29,2026-04-25,0.96,2026-05-04T02:00:00Z,90
00000000-0000-0000-0000-000001110030,00000000-0000-0000-0000-000000310210,early_morning,wednesday,heavy_rain,18.35,18.35,1.47,16.00,21.58,20.85,16.69,36,2026-04-24,0.82,2026-05-04T02:00:00Z,90
00000000-0000-0000-0000-000001110031,00000000-0000-0000-0000-000000310211,morning_peak,thursday,fog,10.64,10.39,0.96,9.10,12.75,12.27,30.74,43,2026-04-23,0.83,2026-05-04T02:00:00Z,90
00000000-0000-0000-0000-000001110032,00000000-0000-0000-0000-000000310212,midday,friday,clear,7.52,7.02,0.80,6.24,9.28,8.88,46.28,50,2026-04-22,0.84,2026-05-04T02:00:00Z,90
00000000-0000-0000-0000-000001110033,00000000-0000-0000-0000-000000310213,evening_peak,saturday,rain,8.91,8.91,0.98,7.34,11.07,10.58,41.40,57,2026-04-21,0.85,2026-05-04T02:00:00Z,90
00000000-0000-0000-0000-000001110034,00000000-0000-0000-0000-000000310214,night,sunday,heavy_rain,14.68,14.43,1.76,11.86,18.55,17.67,26.55,64,2026-04-20,0.86,2026-05-04T02:00:00Z,90
00000000-0000-0000-0000-000001110035,00000000-0000-0000-0000-000000310215,early_morning,monday,fog,11.08,10.58,0.89,9.66,13.04,12.59,27.64,71,2026-04-19,0.87,2026-05-04T02:00:00Z,90
00000000-0000-0000-0000-000001110036,00000000-0000-0000-0000-000000310216,morning_peak,tuesday,clear,10.80,10.80,0.97,9.25,12.93,12.45,30.29,78,2026-04-18,0.88,2026-05-04T02:00:00Z,90
00000000-0000-0000-0000-000001110037,00000000-0000-0000-0000-000000310217,midday,wednesday,rain,8.32,8.07,0.83,6.99,10.15,9.73,41.83,85,2026-04-17,0.89,2026-05-04T02:00:00Z,90
00000000-0000-0000-0000-000001110038,00000000-0000-0000-0000-000000310218,evening_peak,thursday,heavy_rain,11.89,11.39,1.31,9.79,14.77,14.12,31.02,92,2026-04-16,0.90,2026-05-04T02:00:00Z,90
00000000-0000-0000-0000-000001110039,00000000-0000-0000-0000-000000310219,night,friday,fog,9.85,9.85,1.18,7.96,12.45,11.86,39.57,99,2026-04-15,0.91,2026-05-04T02:00:00Z,90
00000000-0000-0000-0000-000001110040,00000000-0000-0000-0000-000000310220,early_morning,saturday,clear,10.34,10.09,0.83,9.01,12.17,11.75,29.62,106,2026-04-14,0.92,2026-05-04T02:00:00Z,90
00000000-0000-0000-0000-000001110041,00000000-0000-0000-0000-000000310301,morning_peak,sunday,rain,11.55,11.05,1.04,9.89,13.84,13.32,30.76,113,2026-04-13,0.93,2026-05-04T02:00:00Z,90
00000000-0000-0000-0000-000001110042,00000000-0000-0000-0000-000000310302,midday,monday,heavy_rain,12.85,12.85,1.29,10.79,15.69,15.04,29.42,24,2026-05-03,0.94,2026-05-04T02:00:00Z,90
00000000-0000-0000-0000-000001110043,00000000-0000-0000-0000-000000310303,evening_peak,tuesday,fog,7.98,7.73,0.88,6.57,9.92,9.48,50.21,31,2026-05-02,0.95,2026-05-04T02:00:00Z,90
00000000-0000-0000-0000-000001110044,00000000-0000-0000-0000-000000310304,night,wednesday,clear,8.46,7.96,1.02,6.83,10.70,10.19,50.04,38,2026-05-01,0.96,2026-05-04T02:00:00Z,90
00000000-0000-0000-0000-000001110045,00000000-0000-0000-0000-000000310305,early_morning,thursday,rain,13.07,13.07,1.05,11.39,15.38,14.86,25.45,45,2026-04-30,0.82,2026-05-04T02:00:00Z,90
00000000-0000-0000-0000-000001110046,00000000-0000-0000-0000-000000310306,morning_peak,friday,heavy_rain,17.84,17.59,1.61,15.26,21.38,20.58,19.92,52,2026-04-29,0.83,2026-05-04T02:00:00Z,90
00000000-0000-0000-0000-000001110047,00000000-0000-0000-0000-000000310307,midday,saturday,fog,8.62,8.12,0.86,7.24,10.51,10.08,43.85,59,2026-04-28,0.84,2026-05-04T02:00:00Z,90
00000000-0000-0000-0000-000001110048,00000000-0000-0000-0000-000000310308,evening_peak,sunday,clear,9.45,9.45,1.04,7.79,11.74,11.22,42.40,66,2026-04-27,0.85,2026-05-04T02:00:00Z,90
00000000-0000-0000-0000-000001110049,00000000-0000-0000-0000-000000310309,night,monday,rain,10.69,10.44,1.28,8.64,13.51,12.87,39.60,73,2026-04-26,0.86,2026-05-04T02:00:00Z,90
00000000-0000-0000-0000-000001110050,00000000-0000-0000-0000-000000310310,early_morning,tuesday,heavy_rain,18.35,17.85,1.47,16.00,21.58,20.85,18.13,80,2026-04-25,0.87,2026-05-04T02:00:00Z,90
00000000-0000-0000-0000-000001110051,00000000-0000-0000-0000-000000310311,morning_peak,wednesday,fog,13.85,13.85,1.25,11.85,16.60,15.97,25.65,87,2026-04-24,0.88,2026-05-04T02:00:00Z,90
00000000-0000-0000-0000-000001110052,00000000-0000-0000-0000-000000310312,midday,thursday,clear,7.52,7.27,0.80,6.24,9.28,8.88,50.27,94,2026-04-23,0.89,2026-05-04T02:00:00Z,90
00000000-0000-0000-0000-000001110053,00000000-0000-0000-0000-000000310313,evening_peak,friday,rain,7.70,7.20,0.85,6.34,9.57,9.14,52.04,101,2026-04-22,0.90,2026-05-04T02:00:00Z,90
00000000-0000-0000-0000-000001110054,00000000-0000-0000-0000-000000310314,night,saturday,heavy_rain,16.52,16.52,1.98,13.35,20.88,19.89,25.63,108,2026-04-21,0.91,2026-05-04T02:00:00Z,90
00000000-0000-0000-0000-000001110055,00000000-0000-0000-0000-000000310315,early_morning,sunday,fog,12.31,12.06,0.98,10.74,14.47,13.98,27.02,19,2026-04-20,0.92,2026-05-04T02:00:00Z,90
00000000-0000-0000-0000-000001110056,00000000-0000-0000-0000-000000310316,morning_peak,monday,clear,10.50,10.00,0.94,9.00,12.57,12.10,33.84,26,2026-04-19,0.93,2026-05-04T02:00:00Z,90
00000000-0000-0000-0000-000001110057,00000000-0000-0000-0000-000000310317,midday,tuesday,rain,9.50,9.50,0.95,7.98,11.59,11.12,39.79,33,2026-04-18,0.94,2026-05-04T02:00:00Z,90
00000000-0000-0000-0000-000001110058,00000000-0000-0000-0000-000000310318,evening_peak,wednesday,heavy_rain,11.89,11.64,1.31,9.79,14.77,14.12,33.70,40,2026-04-17,0.95,2026-05-04T02:00:00Z,90
00000000-0000-0000-0000-000001110059,00000000-0000-0000-0000-000000310319,night,thursday,fog,11.08,10.58,1.33,8.95,14.01,13.34,38.21,47,2026-04-16,0.96,2026-05-04T02:00:00Z,90
00000000-0000-0000-0000-000001110060,00000000-0000-0000-0000-000000310320,early_morning,friday,clear,11.28,11.28,0.90,9.84,13.26,12.81,29.49,54,2026-04-15,0.82,2026-05-04T02:00:00Z,90
00000000-0000-0000-0000-000001110061,00000000-0000-0000-0000-000000310401,morning_peak,saturday,rain,35.93,35.68,3.23,30.76,43.04,41.42,31.00,61,2026-04-14,0.83,2026-05-04T02:00:00Z,90
00000000-0000-0000-0000-000001110062,00000000-0000-0000-0000-000000310402,midday,sunday,heavy_rain,42.21,41.71,4.22,35.46,51.49,49.38,28.07,68,2026-04-13,0.84,2026-05-04T02:00:00Z,90
00000000-0000-0000-0000-000001110063,00000000-0000-0000-0000-000000310403,evening_peak,monday,fog,27.70,27.70,3.05,22.82,34.41,32.88,45.35,75,2026-05-03,0.85,2026-05-04T02:00:00Z,90
00000000-0000-0000-0000-000001110064,00000000-0000-0000-0000-000000310404,night,tuesday,clear,27.26,27.01,3.27,22.03,34.45,32.82,48.69,82,2026-05-02,0.86,2026-05-04T02:00:00Z,90
00000000-0000-0000-0000-000001110065,00000000-0000-0000-0000-000000310405,early_morning,wednesday,rain,41.58,41.08,3.33,36.25,48.91,47.24,25.08,89,2026-05-01,0.87,2026-05-04T02:00:00Z,90
00000000-0000-0000-0000-000001110066,00000000-0000-0000-0000-000000310406,morning_peak,thursday,heavy_rain,55.50,55.50,5.00,47.50,66.50,64.00,20.07,96,2026-04-30,0.88,2026-05-04T02:00:00Z,90
00000000-0000-0000-0000-000001110067,00000000-0000-0000-0000-000000310407,midday,friday,fog,27.09,26.84,2.71,22.75,33.05,31.70,43.74,103,2026-04-29,0.89,2026-05-04T02:00:00Z,90
00000000-0000-0000-0000-000001110068,00000000-0000-0000-0000-000000310408,evening_peak,saturday,clear,25.66,25.16,2.82,21.15,31.86,30.45,48.95,110,2026-04-28,0.90,2026-05-04T02:00:00Z,90
00000000-0000-0000-0000-000001110069,00000000-0000-0000-0000-000000310409,night,sunday,rain,34.45,34.45,4.13,27.84,43.54,41.47,38.53,21,2026-04-27,0.91,2026-05-04T02:00:00Z,90
00000000-0000-0000-0000-000001110070,00000000-0000-0000-0000-000000310410,early_morning,monday,heavy_rain,60.56,60.31,4.84,52.82,71.21,68.79,17.22,28,2026-04-26,0.92,2026-05-04T02:00:00Z,90
00000000-0000-0000-0000-000001110071,00000000-0000-0000-0000-000000310411,morning_peak,tuesday,fog,37.23,36.73,3.35,31.87,44.60,42.92,29.92,35,2026-04-25,0.93,2026-05-04T02:00:00Z,90
00000000-0000-0000-0000-000001110072,00000000-0000-0000-0000-000000310412,midday,wednesday,clear,24.44,24.44,2.44,20.54,29.81,28.59,48.49,42,2026-04-24,0.94,2026-05-04T02:00:00Z,90
00000000-0000-0000-0000-000001110073,00000000-0000-0000-0000-000000310413,evening_peak,thursday,rain,25.66,25.41,2.82,21.15,31.86,30.45,48.95,49,2026-04-23,0.95,2026-05-04T02:00:00Z,90
00000000-0000-0000-0000-000001110074,00000000-0000-0000-0000-000000310414,night,friday,heavy_rain,53.22,52.72,6.39,43.00,67.28,64.08,24.94,56,2026-04-22,0.96,2026-05-04T02:00:00Z,90
00000000-0000-0000-0000-000001110075,00000000-0000-0000-0000-000000310415,early_morning,saturday,fog,38.17,38.17,3.05,33.29,44.88,43.36,27.32,63,2026-04-21,0.82,2026-05-04T02:00:00Z,90
00000000-0000-0000-0000-000001110076,00000000-0000-0000-0000-000000310416,morning_peak,sunday,clear,32.66,32.41,2.94,27.96,39.13,37.66,34.11,70,2026-04-20,0.83,2026-05-04T02:00:00Z,90
00000000-0000-0000-0000-000001110077,00000000-0000-0000-0000-000000310417,midday,monday,rain,29.70,29.20,2.97,24.95,36.23,34.75,39.90,77,2026-04-19,0.84,2026-05-04T02:00:00Z,90
00000000-0000-0000-0000-000001110078,00000000-0000-0000-0000-000000310418,evening_peak,tuesday,heavy_rain,37.66,37.66,4.14,31.04,46.77,44.70,33.35,84,2026-04-18,0.85,2026-05-04T02:00:00Z,90
00000000-0000-0000-0000-000001110079,00000000-0000-0000-0000-000000310419,night,wednesday,fog,35.70,35.45,4.28,28.85,45.12,42.98,37.18,91,2026-04-17,0.86,2026-05-04T02:00:00Z,90
00000000-0000-0000-0000-000001110080,00000000-0000-0000-0000-000000310420,early_morning,thursday,clear,34.78,34.28,2.78,30.33,40.90,39.51,29.98,98,2026-04-16,0.87,2026-05-04T02:00:00Z,90
00000000-0000-0000-0000-000001110081,00000000-0000-0000-0000-000000310501,morning_peak,friday,rain,25.25,25.25,2.27,21.62,30.24,29.11,27.36,105,2026-04-15,0.88,2026-05-04T02:00:00Z,90
00000000-0000-0000-0000-000001110082,00000000-0000-0000-0000-000000310502,midday,saturday,heavy_rain,25.69,25.44,2.57,21.58,31.34,30.06,28.61,112,2026-04-14,0.89,2026-05-04T02:00:00Z,90
00000000-0000-0000-0000-000001110083,00000000-0000-0000-0000-000000310503,evening_peak,sunday,fog,14.63,14.13,1.61,12.05,18.17,17.37,53.25,23,2026-04-13,0.90,2026-05-04T02:00:00Z,90
00000000-0000-0000-0000-000001110084,00000000-0000-0000-0000-000000310504,night,monday,clear,19.44,19.44,2.33,15.71,24.57,23.40,42.35,30,2026-05-03,0.91,2026-05-04T02:00:00Z,90
00000000-0000-0000-0000-000001110085,00000000-0000-0000-0000-000000310505,early_morning,tuesday,rain,26.14,25.89,2.09,22.80,30.74,29.69,24.74,37,2026-05-02,0.92,2026-05-04T02:00:00Z,90
00000000-0000-0000-0000-000001110086,00000000-0000-0000-0000-000000310506,morning_peak,wednesday,heavy_rain,33.69,33.19,3.03,28.84,40.36,38.84,20.51,44,2026-05-01,0.93,2026-05-04T02:00:00Z,90
00000000-0000-0000-0000-000001110087,00000000-0000-0000-0000-000000310507,midday,thursday,fog,17.24,17.24,1.72,14.49,21.02,20.16,42.63,51,2026-04-30,0.94,2026-05-04T02:00:00Z,90
00000000-0000-0000-0000-000001110088,00000000-0000-0000-0000-000000310508,evening_peak,friday,clear,15.16,14.91,1.67,12.49,18.83,18.00,51.39,58,2026-04-29,0.95,2026-05-04T02:00:00Z,90
00000000-0000-0000-0000-000001110089,00000000-0000-0000-0000-000000310509,night,saturday,rain,21.38,20.88,2.57,17.27,27.03,25.75,38.50,65,2026-04-28,0.96,2026-05-04T02:00:00Z,90
00000000-0000-0000-0000-000001110090,00000000-0000-0000-0000-000000310510,early_morning,sunday,heavy_rain,36.70,36.70,2.94,32.00,43.17,41.70,17.62,72,2026-04-27,0.82,2026-05-04T02:00:00Z,90
00000000-0000-0000-0000-000001110091,00000000-0000-0000-0000-000000310511,morning_peak,monday,fog,22.60,22.35,2.03,19.35,27.07,26.05,30.57,79,2026-04-26,0.83,2026-05-04T02:00:00Z,90
00000000-0000-0000-0000-000001110092,00000000-0000-0000-0000-000000310512,midday,tuesday,clear,15.04,14.54,1.50,12.64,18.34,17.59,48.87,86,2026-04-25,0.84,2026-05-04T02:00:00Z,90
00000000-0000-0000-0000-000001110093,00000000-0000-0000-0000-000000310513,evening_peak,wednesday,rain,19.30,19.30,2.12,15.91,23.96,22.90,40.37,93,2026-04-24,0.85,2026-05-04T02:00:00Z,90
00000000-0000-0000-0000-000001110094,00000000-0000-0000-0000-000000310514,night,thursday,heavy_rain,33.03,32.78,3.96,26.69,41.74,39.76,24.92,100,2026-04-23,0.86,2026-05-04T02:00:00Z,90
00000000-0000-0000-0000-000001110095,00000000-0000-0000-0000-000000310515,early_morning,friday,fog,23.39,22.89,1.87,20.40,27.50,26.57,27.65,107,2026-04-22,0.87,2026-05-04T02:00:00Z,90
00000000-0000-0000-0000-000001110096,00000000-0000-0000-0000-000000310516,morning_peak,saturday,clear,22.95,22.95,2.07,19.64,27.50,26.47,30.10,18,2026-04-21,0.88,2026-05-04T02:00:00Z,90
00000000-0000-0000-0000-000001110097,00000000-0000-0000-0000-000000310517,midday,sunday,rain,17.82,17.57,1.78,14.97,21.74,20.85,41.25,25,2026-04-20,0.89,2026-05-04T02:00:00Z,90
00000000-0000-0000-0000-000001110098,00000000-0000-0000-0000-000000310518,evening_peak,monday,heavy_rain,23.78,23.28,2.62,19.59,29.54,28.23,32.76,32,2026-04-19,0.90,2026-05-04T02:00:00Z,90
00000000-0000-0000-0000-000001110099,00000000-0000-0000-0000-000000310519,night,tuesday,fog,22.16,22.16,2.66,17.90,28.01,26.68,37.15,39,2026-04-18,0.91,2026-05-04T02:00:00Z,90
00000000-0000-0000-0000-000001110100,00000000-0000-0000-0000-000000310520,early_morning,wednesday,clear,21.62,21.37,1.73,18.85,25.43,24.56,29.92,46,2026-04-17,0.92,2026-05-04T02:00:00Z,90
